{
    "r2": 0.4976703207880778,
    "mae": 0.42485,
    "mse": 0.5574387858769786
}